{"call_count": 8, "mem_peak": 435, "execution_time": 2.2172927856445312e-05, "execution_time_ms": 0.005245}